,zero_pct,mean,median,p95,p99,max,spearman_target
walkDist,2.204,1155.2215354900002,683.75,3384.0,4395.020000000004,11260.0,0.8664374781597806
killRank,0.0,47.57626,47.0,91.0,96.0,100.0,-0.7146843288994104
upgrades,56.864000000000004,1.10486,0.0,5.0,7.0,14.0,0.6810317155040329
weapons,5.116,3.66406,3.0,8.0,10.0,73.0,0.6646064991607796
heals,59.541999999999994,1.37698,0.0,7.0,13.0,41.0,0.5636792966912568
damages,27.810000000000002,130.00224154999998,84.69999999999999,457.0,766.6020000000004,3725.0,0.44902168749316246
rideDist,74.258,602.2797718459999,0.0,4032.0,6868.10000000002,31290.0,0.43289016582246587
kills,56.96600000000001,0.92104,0.0,4.0,7.0,35.0,0.4248115089946621
maxRank,0.0,44.39666,30.0,97.0,99.0,100.0,0.045749723888893506
